Maths,Prime Factors,Mathematics YR10,18/12/2015,18/12/2015
Maths,Working with symbols,Mathematics YR10,18/12/2015,18/12/2015
Maths,Collecting data,Mathematics YR10,18/12/2015,18/12/2015
Maths,Fractions and decimals,Mathematics YR10,18/12/2015,18/12/2015
Maths,Sequences,Mathematics YR10,18/12/2015,18/12/2015
Maths,Statistical measures,Mathematics YR10,18/12/2015,18/12/2015
Maths,(F) Decimals (H) Indices and Standard form,Mathematics YR10,18/12/2015,18/12/2015
Maths,Representing data,Mathematics YR10,18/12/2015,18/12/2015
Maths,Angles & properties of polygons,Mathematics YR10,18/12/2015,18/12/2015
Maths,Scatter Graphs,Mathematics YR10,18/12/2015,18/12/2015
Maths,Probability,Mathematics YR10,18/12/2015,18/12/2015
Maths,Polygon and circle properties,Mathematics YR10,18/12/2015,18/12/2015
Maths,"Equations, inequalities and trial and improvement",Mathematics YR10,18/12/2015,18/12/2015
Maths,"Perimeter, area and volume",Mathematics YR10,18/12/2015,18/12/2015
Maths,Percentages,Mathematics YR10,18/12/2015,18/12/2015
Maths,Graphs of linear functions,Mathematics YR10,18/12/2015,18/12/2015
Maths,"Percentages, ratio and proportion",Mathematics YR10,18/12/2015,18/12/2015
Maths,Pythagoras’ Theorem,Mathematics YR10,18/12/2015,18/12/2015
Maths,(F) Fractions and decimals (H) Formulae,Mathematics YR10,18/12/2015,18/12/2015
Maths,(F) Indices (H) Quadratic equations,Mathematics YR10,18/12/2015,18/12/2015
Maths,"Kinetic theory, heat and temperature",Mathematics YR10,18/12/2015,18/12/2015
Maths,"Heat transfer by conduction, convection, radiation and evaporation",Mathematics YR10,18/12/2015,18/12/2015
Maths,Factors affecting heat transfer,Mathematics YR10,18/12/2015,18/12/2015
Maths,Insulation,Mathematics YR10,18/12/2015,18/12/2015
Physics,Specific heat capacity,Physics YR10,18/12/2015,18/12/2015
Physics,Energy transfers and efficiency,Physics YR10,18/12/2015,18/12/2015
Physics,End of topic test on heat and energy transfer,Physics YR10,18/12/2015,18/12/2015
Physics,Power stations,Physics YR10,18/12/2015,18/12/2015
Physics,Fossil fuels,Physics YR10,18/12/2015,18/12/2015
Physics,Renewable energy sources,Physics YR10,18/12/2015,18/12/2015
Physics,Comparing energy sources,Physics YR10,18/12/2015,18/12/2015
Physics,End of topic test on generating electricity,Physics YR10,18/12/2015,18/12/2015
Physics,Static electricity,Physics YR10,18/12/2015,18/12/2015
Physics,"Electric current, potential difference and resistance",Physics YR10,18/12/2015,18/12/2015
Physics,Series and parallel circuits,Physics YR10,18/12/2015,18/12/2015
Physics,Characteristics of electrical components,Physics YR10,18/12/2015,18/12/2015
Physics,Power,Physics YR10,18/12/2015,18/12/2015
Physics,PowerMains electricity,Physics YR10,18/12/2015,18/12/2015
Physics,PowerElectrical safety,Physics YR10,18/12/2015,18/12/2015
Physics,PowerCost of electricity,Physics YR10,18/12/2015,18/12/2015
Physics,End of topic test on electricity,Physics YR10,18/12/2015,18/12/2015
Physics,"Speed, velocity and distance-time graphs",Physics YR10,18/12/2015,18/12/2015
Physics,Acceleration and velocity-time graphs,Physics YR10,18/12/2015,18/12/2015
Physics,Newton’s laws of motion,Physics YR10,18/12/2015,18/12/2015
Physics,Mass and weight,Physics YR10,18/12/2015,18/12/2015
Physics,Terminal velocity,Physics YR10,18/12/2015,18/12/2015
Physics,"Structure of the Earth, Plate tectonics, Earthquakes",Physics YR10,18/12/2015,18/12/2015
Physics,"Limestone quarrying, decomposition and uses",Physics YR10,18/12/2015,18/12/2015
Physics,The Earth’s Atmosphere and its evolution,Physics YR10,18/12/2015,18/12/2015
Physics,Structure of the Atom,Physics YR10,18/12/2015,18/12/2015
Chemistry,How atomic structure links to periodicity,Chemistry YR10,18/12/2015,18/12/2015
Chemistry,Group 1 Chemistry introduction,Chemistry YR10,18/12/2015,18/12/2015
Chemistry,Extraction of Metals from Ores,Chemistry YR10,18/12/2015,18/12/2015
Chemistry,Displacement reactions,Chemistry YR10,18/12/2015,18/12/2015
Chemistry,Electrolysis,Chemistry YR10,18/12/2015,18/12/2015
Chemistry,Properties of metals linked with uses of metals,Chemistry YR10,18/12/2015,18/12/2015
Chemistry,"Alloys, focus on Copper, aluminium, titanium",Chemistry YR10,18/12/2015,18/12/2015
Chemistry,"Crude oil, distillation and cracking",Chemistry YR10,18/12/2015,18/12/2015
Chemistry,Useful substances from Crude Oil,Chemistry YR10,18/12/2015,18/12/2015
Chemistry,Alkanes and Alkenes,Chemistry YR10,18/12/2015,18/12/2015
Chemistry,Addition Polymers,Chemistry YR10,18/12/2015,18/12/2015
Chemistry,"Ethanol production, plant oils, emulsions",Chemistry YR10,18/12/2015,18/12/2015
Chemistry,Ionic Bonding,Chemistry YR10,18/12/2015,18/12/2015
Chemistry,Covalent Bonding,Chemistry YR10,18/12/2015,18/12/2015
Chemistry,Giant Structures,Chemistry YR10,18/12/2015,18/12/2015
Biology,B1.3.1 Drugs,Biology YR10,18/12/2015,18/12/2015
Biology,B1.4.2 Adaptation and Environmental change,Biology YR10,18/12/2015,18/12/2015
Biology,B1.5.1 Energy in Biomass,Biology YR10,18/12/2015,18/12/2015
Biology,B1.6.1 Decay processes,Biology YR10,18/12/2015,18/12/2015
Biology,B1.6.2 Carbon Cycle,Biology YR10,18/12/2015,18/12/2015
Biology,B1.7.1 Why organisms are different,Biology YR10,18/12/2015,18/12/2015
Biology,B1.7.2 Reproduction,Biology YR10,18/12/2015,18/12/2015
Biology,B1.8.1 Evolution,Biology YR10,18/12/2015,18/12/2015
Biology,B2.1.1 Cells and Cell Structure,Biology YR10,18/12/2015,18/12/2015
Biology,B2.1.2 Diffusion,Biology YR10,18/12/2015,18/12/2015
Biology,B2.2. Animal organs- digestion,Biology YR10,18/12/2015,18/12/2015
Biology,B2.3.1 Photosynthesis,Biology YR10,18/12/2015,18/12/2015
Biology,B1.4.2 Environmental Change,Biology YR10,18/12/2015,18/12/2015
Biology,End of unit test (Adaptations and Environmental Change,Biology YR10,18/12/2015,18/12/2015
Biology,External Assessment: No ,Biology YR10,18/12/2015,18/12/2015
Biology,B2.4.1 Distribution of organisms,Biology YR10,18/12/2015,18/12/2015
Biology,B2.5.1 Proteins,Biology YR10,18/12/2015,18/12/2015
PE,1. Key concepts in Physical Education,PE YR10,18/12/2015,18/12/2015
PE,2. Key processes in Physical Education,PE YR10,18/12/2015,18/12/2015
PE,Developing skills and techniques,PE YR10,18/12/2015,18/12/2015
PE,Decision Making,PE YR10,18/12/2015,18/12/2015
PE,Physical and Mental Capacity,PE YR10,18/12/2015,18/12/2015
PE,Evaluating and Improving,PE YR10,18/12/2015,18/12/2015
PE,"Making informed choices about healthy, active lifestyles",PE YR10,18/12/2015,18/12/2015
PE,Reasons for non-participation (negative),PE YR10,18/12/2015,18/12/2015
PE,"3. Opportunities, pathways and participation in Physical Education",PE YR10,18/12/2015,18/12/2015
PE,Levels of participation in sport and physical activity,PE YR10,18/12/2015,18/12/2015
PE,Reasons for participation (positive),PE YR10,18/12/2015,18/12/2015
PE,"Specific social, cultural and locational reasons affecting participation",PE YR10,18/12/2015,18/12/2015
PE,School influences on participation,PE YR10,18/12/2015,18/12/2015
PE,Identification and description of pathways for involvement in physical activity,PE YR10,18/12/2015,18/12/2015
Chemistry,"How is rate affected by Concentration, temperature, particle size and catalysis",Chemistry YR11,18/12/2015,18/12/2015
Chemistry,Thermodynamic changes in reactions,Chemistry YR11,18/12/2015,18/12/2015
Chemistry,Topic C7 – Chemical Analysis and Yield,Chemistry YR11,18/12/2015,18/12/2015
Chemistry,"Relative Atomic and Formula Masses, Mole Calculations",Chemistry YR11,18/12/2015,18/12/2015
Chemistry,Yield calculations,Chemistry YR11,18/12/2015,18/12/2015
Chemistry,Salt Formation,Chemistry YR11,18/12/2015,18/12/2015
Chemistry,,Chemistry YR11,18/12/2015,18/12/2015
Chemistry,Complete Topic C7 – Chemical Analysis and Yield,Chemistry YR11,18/12/2015,18/12/2015
Chemistry,Review calculations,Chemistry YR11,18/12/2015,18/12/2015
Chemistry,Gas Liquid and thin layer Chromatography,Chemistry YR11,18/12/2015,18/12/2015
Chemistry,Mass Spectrometry,Chemistry YR11,18/12/2015,18/12/2015
Chemistry,Reversible Reactions,Chemistry YR11,18/12/2015,18/12/2015
Chemistry,Electrolysis – Salt and Aluminium,Chemistry YR11,18/12/2015,18/12/2015
Chemistry,Topic C8 – Inorganic chemistry,Chemistry YR11,18/12/2015,18/12/2015
Chemistry,History of the periodic Table,Chemistry YR11,18/12/2015,18/12/2015
Chemistry,Trends in the periodic table,Chemistry YR11,18/12/2015,18/12/2015
Chemistry,"Water – purification, quality",Chemistry YR11,18/12/2015,18/12/2015
Chemistry,Titrations,Chemistry YR11,18/12/2015,18/12/2015
Chemistry,Topic C9 – Equilibria and Organic chemistry,Chemistry YR11,18/12/2015,18/12/2015
Chemistry,"Alcohols, carboxylic Acids and Esters",Chemistry YR11,18/12/2015,18/12/2015
Chemistry,Topic – Complete Topic C9 - Equilibria and Organic chemistry,Chemistry YR11,18/12/2015,18/12/2015
Chemistry,Measuring Enthalpy Changes,Chemistry YR11,18/12/2015,18/12/2015
Chemistry,Ammonia and Equilibria,Chemistry YR11,18/12/2015,18/12/2015
Maths,Transformations,Maths YR11,18/12/2015,18/12/2015
Maths,(F) Formulae. (H) Measures,Maths YR11,18/12/2015,18/12/2015
Maths,(F) Construction and loci. (H) Trigonometry,Maths YR11,18/12/2015,18/12/2015
Maths,(F) Coordinates and graphs. (H) Construction and loci,Maths YR11,18/12/2015,18/12/2015
Maths,(F) Algebra review. (H) Simultaneous equations,Maths YR11,18/12/2015,18/12/2015
Maths,(F) Quadratics. (H) Surds,Maths YR11,18/12/2015,18/12/2015
Maths,"(F) Measures. (H) Cubic, circular and exponential functions",Maths YR11,18/12/2015,18/12/2015
Maths,(F) Percentages. (H) Vectors,Maths YR11,18/12/2015,18/12/2015
Maths,(F) Ratio. (H) Transforming functions,Maths YR11,18/12/2015,18/12/2015
Maths,External Assessment/Controlled Assessment: No ,Maths YR11,18/12/2015,18/12/2015
Maths,Internal Common Assessment: Yes ,Maths YR11,18/12/2015,18/12/2015
Maths,Controlled Assessment Deadline this H/T: N/A ,Maths YR11,18/12/2015,18/12/2015
Maths,(F) Equations and formulae. (H) Working with symbols,Maths YR11,18/12/2015,18/12/2015
Maths,Fractions and decimals,Maths YR11,18/12/2015,18/12/2015
Maths,Equations and formulae,Maths YR11,18/12/2015,18/12/2015
PE,B453 – Developing Knowledge in Physical Education,PE YR11,18/12/2015,18/12/2015
PE,"1. Developing skills, techniques and motivation The learning of skills through a range of methods",PE YR11,18/12/2015,18/12/2015
PE,The importance of different types of feedback,PE YR11,18/12/2015,18/12/2015
PE,The importance of goal setting,PE YR11,18/12/2015,18/12/2015
PE,2. Developing physical and mental capacity,PE YR11,18/12/2015,18/12/2015
PE,The development of the skeletal system and its role in physical activity,PE YR11,18/12/2015,18/12/2015
PE,"The development and maintenance of healthy joints and the ways in which different types of joints affect participation and performance in an active, healthy lifestyle",PE YR11,18/12/2015,18/12/2015
PE,Understanding the muscular system in relation to physical performance,PE YR11,18/12/2015,18/12/2015
PE,Role and function of tendons,PE YR11,18/12/2015,18/12/2015
PE,Mental preparation,PE YR11,18/12/2015,18/12/2015
PE,3. Informed decision making using the principles of training and safe exercise,PE YR11,18/12/2015,18/12/2015
PE,"Short term effects of an active, healthy lifestyle",PE YR11,18/12/2015,18/12/2015
PE,"Long term effects of an active, healthy lifestyle",PE YR11,18/12/2015,18/12/2015
PE,Exercise and training principles that affect improving health and fitness,PE YR11,18/12/2015,18/12/2015
PE,Identification of the FITT principle and applied practical examples of how these might affect health and fitness,PE YR11,18/12/2015,18/12/2015
PE,Definitions and examples of aerobic and anaerobic exercise and training,PE YR11,18/12/2015,18/12/2015
PE,"Identifying potential hazards in a range of settings related to the role of participant, leader or official",PE YR11,18/12/2015,18/12/2015
PE,How to reduce risks and injuries,PE YR11,18/12/2015,18/12/2015
PE,"4. Opportunities, pathways and participation in Physical Education Level of participation in sport and physical activity",PE YR11,18/12/2015,18/12/2015
PE,"Reasons for participation and non-participation in physical activities and following an active, healthy lifestyle",PE YR11,18/12/2015,18/12/2015
PE,"Current government initiatives to promote active, healthy lifestyles",PE YR11,18/12/2015,18/12/2015
PE,What schools provide to influence young people to get involved in physical activity as part of a healthy lifestyle,PE YR11,18/12/2015,18/12/2015
Physics,Rutherford’s experiment and atomic structure,Physics YR11,18/12/2015,18/12/2015
Physics,Nuclear radiation and half-life,Physics YR11,18/12/2015,18/12/2015
Physics,Nuclear fission and nuclear fusion,Physics YR11,18/12/2015,18/12/2015
Physics,Stellar evolution and the formation of elements,Physics YR11,18/12/2015,18/12/2015
Physics,End of topic test on radioactivity,Physics YR11,18/12/2015,18/12/2015
Physics,External Assessment / Controlled Assessment: No ,Physics YR11,18/12/2015,18/12/2015
Physics,Internal Common Assessment: Yes - End of topic test on radioactivity,Physics YR11,18/12/2015,18/12/2015
Physics,Coursework Deadline this H/T: No ,Physics YR11,18/12/2015,18/12/2015
Physics,Field Trips/Visits: No,Physics YR11,18/12/2015,18/12/2015
Physics,,Physics YR11,18/12/2015,18/12/2015
Physics,Half Term 2 (November - December),Physics YR11,18/12/2015,18/12/2015
Physics,Unit 2 mock exam,Physics YR11,18/12/2015,18/12/2015
Physics,Physics ISA,Physics YR11,18/12/2015,18/12/2015
Physics,X-rays and ultrasound,Physics YR11,18/12/2015,18/12/2015
Physics,Refraction and Snell’s Law,Physics YR11,18/12/2015,18/12/2015
Physics,Total internal reflection and endoscopes,Physics YR11,18/12/2015,18/12/2015
Physics,Lenses and ray diagrams,Physics YR11,18/12/2015,18/12/2015
Physics,External Assessment: Yes - Physics ISA ,Physics YR11,18/12/2015,18/12/2015
Physics,Internal Common Assessment: Yes - Unit 2 mock exam,Physics YR11,18/12/2015,18/12/2015
Physics,Coursework Deadline this H/T: No ,Physics YR11,18/12/2015,18/12/2015
Physics,Field Trips/Visits: No,Physics YR11,18/12/2015,18/12/2015
Physics,,Physics YR11,18/12/2015,18/12/2015
Physics,Half Term 3 (January - February),Physics YR11,18/12/2015,18/12/2015
Physics,Lenses and ray diagrams,Physics YR11,18/12/2015,18/12/2015
Physics,The eye,Physics YR11,18/12/2015,18/12/2015
Physics,End of topic test on medical physics,Physics YR11,18/12/2015,18/12/2015
Physics,Balancing moments,Physics YR11,18/12/2015,18/12/2015
Physics,Centre of mass and stability,Physics YR11,18/12/2015,18/12/2015
Physics,"Circular motion, pressure and hydraulics",Physics YR11,18/12/2015,18/12/2015
Physics,External Assessment: No ,Physics YR11,18/12/2015,18/12/2015
Physics,Internal Common Assessment: Yes - End of topic test on medical physics,Physics YR11,18/12/2015,18/12/2015
Physics,Coursework Deadline this H/T: No ,Physics YR11,18/12/2015,18/12/2015
Physics,Field Trips/Visits: No,Physics YR11,18/12/2015,18/12/2015
Physics,,Physics YR11,18/12/2015,18/12/2015
Physics,Half Term 4 (March - April),Physics YR11,18/12/2015,18/12/2015
Physics,End of topic test on making things work,Physics YR11,18/12/2015,18/12/2015
Physics,GCSE mock exams,Physics YR11,18/12/2015,18/12/2015
Physics,Magnetic fields,Physics YR11,18/12/2015,18/12/2015
Physics,Motors and generators,Physics YR11,18/12/2015,18/12/2015
Physics,Transformers,Physics YR11,18/12/2015,18/12/2015
Physics,External Assessment: No ,Physics YR11,18/12/2015,18/12/2015
Physics,Internal Common Assessment: Yes - End of topic test on making things work ,Physics YR11,18/12/2015,18/12/2015
Physics,Coursework Deadline this H/T: No ,Physics YR11,18/12/2015,18/12/2015
Physics,Field Trips/Visits: No,Physics YR11,18/12/2015,18/12/2015
Physics,,Physics YR11,18/12/2015,18/12/2015
Physics,Half Term 5 (April - May),Physics YR11,18/12/2015,18/12/2015
Physics,End of topic test on keeping things moving,Physics YR11,18/12/2015,18/12/2015
Physics,Revision for GCSEs,Physics YR11,18/12/2015,18/12/2015
Physics,External Assessment: Yes - GCSE exams ,Physics YR11,18/12/2015,18/12/2015
Physics,Internal Common Assessment: Yes - End of topic test on keeping things moving ,Physics YR11,18/12/2015,18/12/2015
Physics,Coursework Deadline this H/T: No ,Physics YR11,18/12/2015,18/12/2015
Physics,Field Trips/Visits: No,Physics YR11,18/12/2015,18/12/2015
